Date,MinTemp,MaxTemp,Humidity,Pressure,WindSpeed,Rainfall
2020-01-01,12.1,31.9,98.9,1008.5,9.0,26.2
2020-01-02,10.6,39.0,52.0,1009.1,17.8,16.4
2020-01-03,13.0,27.7,89.4,1007.3,14.7,23.8
2020-01-04,21.0,33.9,46.8,1004.5,6.8,11.0
2020-01-05,17.9,29.4,67.8,992.0,6.5,24.4
2020-01-06,16.2,35.5,55.9,1012.1,6.1,19.5
2020-01-07,16.4,28.1,91.6,1011.8,16.8,28.7
2020-01-08,14.5,28.3,50.3,1012.5,15.9,16.3
2020-01-09,13.8,39.3,79.5,1014.2,8.8,23.2
2020-01-10,14.2,39.5,96.6,1012.4,7.9,29.6
2020-01-11,17.7,32.4,94.3,1016.9,24.8,30.6
2020-01-12,25.0,37.5,52.7,1011.7,8.0,12.9
2020-01-13,10.8,31.8,45.5,998.6,10.3,13.7
2020-01-14,22.7,25.5,49.2,1018.2,22.5,11.7
2020-01-15,24.6,26.4,98.1,998.4,7.4,32.9
2020-01-16,11.6,34.0,68.4,1016.2,9.9,22.7
2020-01-17,11.1,38.8,59.7,995.4,9.7,11.1
2020-01-18,21.4,34.7,78.8,1023.3,13.2,21.3
2020-01-19,24.4,31.8,50.5,1002.4,15.5,18.2
2020-01-20,16.5,25.2,79.5,999.0,14.9,27.8
2020-01-21,12.1,26.3,77.7,1021.9,17.4,22.9
2020-01-22,16.5,34.5,43.1,999.7,6.1,15.4
2020-01-23,13.1,32.4,43.2,1022.6,13.7,15.8
2020-01-24,22.8,36.7,75.5,1005.2,15.8,20.7
2020-01-25,13.2,28.7,63.1,996.3,7.8,17.6
2020-01-26,23.7,35.1,49.9,998.4,19.2,15.0
2020-01-27,18.1,26.5,49.0,1021.9,5.6,14.0
2020-01-28,22.0,33.7,41.7,1000.6,12.3,12.9
2020-01-29,13.3,34.1,94.0,1004.0,13.9,27.2
2020-01-30,15.4,39.9,53.5,1017.7,22.3,8.3
2020-01-31,20.4,37.0,90.8,1004.6,18.2,21.1
2020-02-01,18.9,39.2,74.9,1023.7,7.2,23.2
2020-02-02,17.9,35.6,82.4,1019.7,24.7,21.7
2020-02-03,13.3,32.3,91.6,1023.0,18.6,29.9
2020-02-04,18.2,37.8,80.3,1018.8,11.4,18.5
2020-02-05,11.7,25.9,49.9,1021.7,20.8,15.3
2020-02-06,24.9,25.5,49.7,1016.1,16.1,11.2
2020-02-07,23.5,30.9,60.5,996.4,14.3,17.9
2020-02-08,14.6,26.2,83.7,1004.9,8.7,25.1
2020-02-09,14.3,32.1,76.5,1014.8,22.0,17.3
2020-02-10,23.5,32.0,75.1,1006.6,14.2,23.1
2020-02-11,24.7,31.6,93.2,1007.0,19.5,29.4
2020-02-12,12.7,26.6,92.6,1024.7,7.6,27.5
2020-02-13,23.4,26.6,93.8,996.4,13.7,25.3
2020-02-14,18.1,26.3,43.1,993.5,16.7,10.1
2020-02-15,17.5,26.0,70.9,1020.1,16.7,25.3
2020-02-16,20.4,30.2,98.7,1024.1,17.0,29.8
2020-02-17,12.0,29.7,43.2,1007.8,16.2,14.6
2020-02-18,18.0,33.1,63.3,1019.2,8.1,18.1
2020-02-19,17.4,26.1,69.4,996.2,9.2,17.1
2020-02-20,14.0,28.0,58.4,1001.7,20.9,20.9
2020-02-21,15.4,25.1,93.3,1006.7,24.3,27.9
2020-02-22,21.2,35.3,93.7,1008.1,19.7,28.0
2020-02-23,19.3,32.9,47.3,1011.0,17.5,8.5
2020-02-24,12.8,30.3,81.6,997.7,14.4,24.3
2020-02-25,14.1,39.1,80.2,1011.2,18.6,16.5
2020-02-26,20.1,27.3,59.6,1024.9,13.3,17.3
2020-02-27,20.3,27.8,93.7,1005.0,21.9,27.8
2020-02-28,16.9,38.7,78.8,1003.5,20.2,20.0
2020-02-29,12.3,39.5,64.8,990.2,23.4,21.5
2020-03-01,18.3,32.5,90.6,1019.7,18.1,21.0
2020-03-02,18.8,39.2,52.7,1008.9,8.8,12.1
2020-03-03,22.7,27.5,51.1,1003.2,23.3,10.7
2020-03-04,16.8,28.7,64.6,998.3,18.6,13.8
2020-03-05,12.4,34.8,56.9,1021.3,24.9,11.8
2020-03-06,20.7,27.8,51.7,996.0,21.1,16.6
2020-03-07,10.0,39.4,69.0,997.8,5.9,22.5
2020-03-08,18.3,30.1,58.7,1020.2,21.7,14.2
2020-03-09,14.8,27.0,74.2,1003.8,10.3,26.1
2020-03-10,18.6,35.2,59.5,994.2,14.3,17.6
2020-03-11,17.7,37.4,95.1,1006.2,16.4,22.6
2020-03-12,24.3,27.1,71.5,1023.8,17.9,22.8
2020-03-13,17.8,26.3,68.7,992.3,18.6,15.4
2020-03-14,22.2,36.1,43.4,1020.0,10.2,9.6
2020-03-15,22.2,28.4,47.0,994.3,23.1,10.8
2020-03-16,11.1,37.7,86.0,991.9,12.3,26.6
2020-03-17,18.1,36.8,69.5,1022.0,22.2,21.9
2020-03-18,18.6,36.8,81.5,1001.7,21.3,23.2
2020-03-19,14.0,29.7,62.6,1001.2,15.5,18.7
2020-03-20,20.9,33.0,47.4,1008.6,9.8,10.3
2020-03-21,19.7,30.3,48.4,995.9,23.2,16.3
2020-03-22,14.3,30.4,61.7,1017.7,19.2,12.8
2020-03-23,11.5,39.5,82.8,1009.2,15.4,25.9
2020-03-24,19.9,29.4,99.9,1017.6,5.1,31.3
2020-03-25,20.3,29.7,77.4,1010.5,17.0,22.7
2020-03-26,13.1,32.9,84.2,998.9,10.5,22.4
2020-03-27,10.1,36.0,66.2,1023.8,23.5,21.8
2020-03-28,12.6,30.4,58.0,997.1,9.3,17.0
2020-03-29,10.5,30.4,52.1,996.8,8.6,19.1
2020-03-30,16.4,36.2,49.6,1007.2,21.7,14.6
2020-03-31,13.3,25.2,99.1,1004.9,24.4,28.2
2020-04-01,19.4,39.6,55.4,1020.3,7.4,14.7
2020-04-02,23.8,26.1,51.2,1021.2,19.3,13.4
2020-04-03,17.9,29.0,57.3,1007.5,8.7,15.4
2020-04-04,21.7,28.6,49.6,997.5,17.5,15.7
2020-04-05,20.3,38.6,62.7,1010.7,21.7,13.9
2020-04-06,24.7,39.9,93.5,1019.2,9.5,21.8
2020-04-07,24.3,33.2,98.7,1024.9,10.2,24.8
2020-04-08,15.3,39.1,69.0,1016.7,10.0,19.5
2020-04-09,24.8,25.8,53.6,991.1,19.0,19.2
2020-04-10,12.5,39.8,58.4,994.3,19.4,11.9
2020-04-11,22.9,26.4,50.8,1015.3,11.8,17.1
2020-04-12,15.4,36.5,78.0,1020.7,19.9,17.3
2020-04-13,13.4,28.6,40.1,1024.7,12.8,14.3
2020-04-14,22.2,30.6,75.3,1001.6,24.7,26.3
2020-04-15,11.2,36.2,83.5,1008.5,15.7,19.4
2020-04-16,13.3,35.4,55.5,1012.9,13.9,15.2
2020-04-17,24.3,30.2,73.2,1024.0,17.4,24.5
2020-04-18,23.6,38.7,63.2,1020.0,10.7,15.4
2020-04-19,19.3,34.5,65.9,1011.5,15.1,19.8
2020-04-20,19.9,31.1,90.9,1010.7,18.5,27.3
2020-04-21,10.4,36.7,70.8,1011.3,24.9,20.6
2020-04-22,22.0,31.7,49.7,1002.6,19.6,10.1
2020-04-23,10.2,29.2,73.4,1020.0,10.7,18.3
2020-04-24,14.7,35.0,91.4,992.6,7.7,26.3
2020-04-25,21.3,33.4,46.6,998.4,21.5,13.3
2020-04-26,16.9,26.5,79.2,993.2,22.3,26.4
2020-04-27,20.0,32.5,82.4,1023.3,20.1,21.7
2020-04-28,10.4,25.8,90.0,1001.5,9.7,30.9
2020-04-29,10.9,29.1,52.6,1005.1,21.2,12.1
2020-04-30,11.4,26.6,73.1,998.8,8.3,20.8
2020-05-01,11.1,27.8,69.5,990.3,8.7,16.0
2020-05-02,21.3,31.7,96.1,991.9,16.9,30.4
2020-05-03,21.6,33.8,76.4,996.9,7.6,17.1
2020-05-04,18.3,30.3,80.6,1019.2,24.7,27.2
2020-05-05,11.6,26.5,88.4,1002.2,21.6,22.1
2020-05-06,12.6,39.3,59.8,995.3,20.8,13.8
2020-05-07,14.3,34.7,49.0,1007.5,17.1,13.5
2020-05-08,21.9,33.1,68.6,994.2,22.0,21.0
2020-05-09,19.5,26.2,73.3,992.9,11.2,26.6
2020-05-10,23.5,35.3,57.5,1023.0,12.6,13.3
2020-05-11,24.9,25.3,68.1,1002.9,17.9,17.6
2020-05-12,19.1,25.0,65.0,1018.1,11.4,23.4
2020-05-13,17.1,37.4,41.3,1020.3,10.0,9.7
2020-05-14,22.7,31.4,95.3,994.0,13.8,32.0
2020-05-15,21.9,36.8,45.7,990.7,25.0,14.7
2020-05-16,19.2,32.7,69.5,994.4,10.6,18.4
2020-05-17,16.5,25.3,76.8,997.8,19.3,27.7
2020-05-18,16.4,34.4,45.5,990.2,21.5,13.0
2020-05-19,22.9,26.6,78.6,1015.2,10.3,19.4
2020-05-20,12.1,36.7,93.9,1001.6,24.1,21.2
2020-05-21,17.9,39.7,78.9,996.0,14.0,19.4
2020-05-22,21.3,36.6,95.2,1003.2,23.5,23.8
2020-05-23,24.8,32.7,78.3,1012.5,10.7,26.7
2020-05-24,19.2,25.2,92.0,1008.8,23.0,30.3
2020-05-25,12.9,32.0,87.1,997.9,15.0,20.0
2020-05-26,16.9,37.1,44.1,1015.9,8.3,14.7
2020-05-27,16.3,35.4,64.2,995.1,13.2,13.7
2020-05-28,20.5,33.1,45.1,1020.7,13.3,9.6
2020-05-29,16.7,34.2,92.1,1004.6,23.3,23.4
2020-05-30,15.1,39.5,71.5,1008.0,20.5,15.9
2020-05-31,16.9,26.8,80.6,1013.0,22.7,25.8
2020-06-01,11.4,36.6,98.3,1018.2,12.4,30.1
2020-06-02,20.7,37.6,49.2,1009.2,22.1,16.2
2020-06-03,18.2,37.1,69.0,998.9,11.6,19.0
2020-06-04,19.1,39.7,47.5,997.6,20.5,16.3
2020-06-05,14.9,25.5,85.7,1018.8,15.9,25.5
2020-06-06,24.6,25.2,71.1,1015.0,6.7,25.6
2020-06-07,15.8,33.9,69.1,997.4,24.4,22.1
2020-06-08,11.4,35.1,95.2,996.0,12.5,24.6
2020-06-09,18.8,30.1,92.0,1006.9,16.1,23.0
2020-06-10,13.4,25.6,72.3,1007.2,20.4,19.6
2020-06-11,24.3,33.1,54.1,1018.4,9.5,14.9
2020-06-12,19.9,33.3,72.8,1019.1,24.9,17.8
2020-06-13,21.8,29.9,67.6,1010.6,14.1,21.0
2020-06-14,16.9,28.2,57.4,1023.4,11.4,17.2
2020-06-15,13.6,25.6,63.6,1010.1,20.1,17.4
2020-06-16,12.9,38.6,68.3,994.0,11.9,22.1
2020-06-17,13.3,31.2,46.4,1023.3,6.2,17.2
2020-06-18,15.8,33.6,93.1,1011.6,23.6,28.9
2020-06-19,11.9,38.2,70.7,1011.2,20.9,19.8
2020-06-20,18.5,30.0,52.9,992.8,13.9,12.7
2020-06-21,18.1,29.2,71.8,1015.9,8.7,18.8
2020-06-22,11.4,29.9,92.9,999.7,20.1,28.4
2020-06-23,15.1,29.4,54.0,992.9,16.1,14.7
2020-06-24,20.0,36.2,70.5,999.8,16.0,23.8
2020-06-25,10.1,39.6,57.4,1022.3,22.1,13.5
2020-06-26,21.8,33.3,50.1,997.9,6.1,11.2
2020-06-27,16.0,35.4,66.5,999.7,13.1,17.7
2020-06-28,13.3,33.0,68.4,1023.5,12.1,17.4
2020-06-29,21.9,31.8,52.9,1001.2,9.7,14.2
2020-06-30,10.2,34.4,73.9,1019.0,19.5,23.9
2020-07-01,23.9,34.3,57.2,1016.6,16.7,13.9
2020-07-02,13.0,32.3,92.9,993.1,17.7,26.6
2020-07-03,19.5,37.9,96.8,1005.6,14.9,28.1
2020-07-04,12.3,38.4,66.0,1002.7,22.2,20.7
2020-07-05,24.1,32.6,64.0,1010.5,17.8,19.1
2020-07-06,21.5,33.9,95.7,998.5,23.3,28.2
2020-07-07,20.3,28.0,45.6,1010.6,19.0,10.0
2020-07-08,22.2,35.3,57.5,1006.5,12.1,15.3
2020-07-09,16.6,37.5,65.1,1000.0,6.9,14.9
2020-07-10,23.7,31.3,51.6,1000.1,14.6,18.0
2020-07-11,10.7,37.4,83.7,1001.9,21.7,22.9
2020-07-12,14.8,26.3,47.9,992.0,15.0,18.9
2020-07-13,22.2,31.9,80.2,1001.7,11.6,27.0
2020-07-14,15.7,30.1,41.9,1017.3,12.1,12.6
2020-07-15,22.9,39.6,86.8,1002.0,5.9,23.7
2020-07-16,24.5,28.9,56.1,1010.4,19.3,14.1
2020-07-17,12.6,30.0,64.9,999.0,20.2,21.4
2020-07-18,16.1,32.4,45.4,1010.9,16.0,13.5
2020-07-19,17.7,32.7,48.7,990.2,9.0,8.8
2020-07-20,22.8,26.4,72.1,996.0,5.3,19.4
2020-07-21,13.5,25.5,98.2,1002.0,12.5,24.7
2020-07-22,23.5,26.0,74.8,1012.5,21.5,24.0
2020-07-23,14.3,35.3,68.0,993.5,18.9,13.9
2020-07-24,18.9,29.9,95.5,999.4,24.6,29.7
2020-07-25,16.2,30.4,74.1,998.3,20.9,19.8
2020-07-26,21.9,39.4,64.9,1024.2,13.2,11.8
2020-07-27,14.2,25.8,46.9,1024.1,18.4,15.2
2020-07-28,24.7,26.8,68.5,996.0,10.3,17.9
2020-07-29,16.4,37.1,86.1,996.4,9.2,22.6
2020-07-30,17.3,37.6,92.1,998.3,22.5,25.9
2020-07-31,12.6,31.1,82.6,1007.2,18.7,23.1
2020-08-01,18.4,32.7,58.0,1016.7,14.5,20.4
2020-08-02,22.2,31.7,73.0,1016.6,5.6,17.0
2020-08-03,21.3,30.1,94.6,1001.2,7.7,29.4
2020-08-04,14.9,28.7,84.9,1008.7,14.0,25.9
2020-08-05,17.2,36.5,72.5,1007.1,17.0,16.6
2020-08-06,20.6,28.0,48.1,997.4,13.5,11.8
2020-08-07,18.5,28.5,47.0,1019.9,16.3,12.2
2020-08-08,15.0,30.3,41.6,1002.1,9.4,14.7
2020-08-09,14.7,27.9,81.3,1007.4,15.1,23.4
2020-08-10,17.4,30.9,55.7,1010.4,11.1,14.3
2020-08-11,23.7,39.1,51.3,1017.2,13.6,13.4
2020-08-12,11.4,25.9,41.3,998.1,9.1,11.6
2020-08-13,18.9,31.9,60.3,1011.5,16.5,14.8
2020-08-14,20.5,26.4,48.6,1012.2,8.3,11.9
2020-08-15,22.2,36.4,99.2,1018.5,23.6,24.4
2020-08-16,10.7,33.7,65.6,1023.7,10.6,21.5
2020-08-17,17.5,28.7,66.3,997.8,14.2,19.7
2020-08-18,14.8,30.9,53.8,991.6,8.6,13.2
2020-08-19,11.8,33.2,98.1,1011.7,23.2,31.4
2020-08-20,12.0,39.0,85.4,1008.3,20.0,22.9
2020-08-21,21.0,35.7,80.3,1001.4,12.1,19.2
2020-08-22,20.0,27.2,90.3,1002.9,11.9,28.8
2020-08-23,15.2,30.8,60.9,996.7,17.4,20.6
2020-08-24,24.8,32.3,73.0,1004.0,9.6,24.6
2020-08-25,11.9,32.6,83.3,1023.3,6.5,19.6
2020-08-26,21.3,38.8,54.4,1009.3,17.6,16.7
2020-08-27,15.5,28.1,57.6,1007.7,10.3,13.7
2020-08-28,17.6,33.1,52.9,1014.7,10.3,12.4
2020-08-29,20.9,32.5,45.2,1011.0,22.7,10.9
2020-08-30,13.1,30.3,58.0,1018.2,11.0,19.4
2020-08-31,15.7,26.2,40.9,991.5,5.5,9.3
2020-09-01,18.8,31.8,40.2,1008.3,9.5,6.7
2020-09-02,11.0,26.4,48.5,1023.3,19.6,15.0
2020-09-03,16.0,35.2,47.5,998.1,10.8,9.9
2020-09-04,15.2,32.3,56.4,999.5,11.7,11.8
2020-09-05,24.7,27.0,97.8,1004.1,7.8,29.8
2020-09-06,23.3,38.5,49.1,1004.5,11.9,11.9
2020-09-07,13.6,35.4,86.0,1010.6,22.6,27.2
2020-09-08,15.2,28.3,54.2,1009.0,5.6,18.8
2020-09-09,20.3,25.2,76.4,1022.7,7.6,27.4
2020-09-10,21.8,35.6,68.4,994.7,24.9,16.5
2020-09-11,18.7,36.4,75.5,992.4,17.2,18.9
2020-09-12,11.4,29.4,52.7,1012.9,10.0,15.0
2020-09-13,12.0,30.1,40.9,993.0,6.8,14.6
2020-09-14,12.0,38.9,50.3,1007.5,6.3,17.1
2020-09-15,13.5,27.7,88.6,1007.8,24.1,29.9
2020-09-16,10.3,33.9,46.6,1004.4,10.4,7.4
2020-09-17,12.6,35.9,48.4,1024.6,18.1,8.7
2020-09-18,12.1,32.1,73.4,991.9,18.5,20.3
2020-09-19,24.8,39.1,70.1,1004.7,10.9,19.4
2020-09-20,24.0,36.0,92.0,998.1,22.5,24.7
2020-09-21,20.4,31.7,43.0,995.0,23.9,9.7
2020-09-22,22.3,32.1,75.0,1021.6,18.1,21.1
2020-09-23,16.2,30.3,43.8,1009.2,8.8,12.2
2020-09-24,16.7,27.6,48.7,1003.7,17.2,18.4
2020-09-25,22.4,37.2,81.5,1011.7,6.7,19.6
2020-09-26,19.8,27.2,100.0,1013.9,10.4,29.2
2020-09-27,20.0,27.2,42.1,998.1,15.4,12.1
2020-09-28,16.7,31.2,51.3,1016.2,9.9,9.6
2020-09-29,16.3,30.8,52.8,1006.7,9.3,10.9
2020-09-30,22.9,33.9,86.0,1010.9,11.0,20.2
2020-10-01,12.7,36.9,64.9,998.5,22.0,21.8
2020-10-02,23.3,26.8,91.3,1002.0,13.9,30.4
2020-10-03,12.1,25.7,95.9,1001.6,24.8,23.9
2020-10-04,22.3,34.5,60.9,991.4,20.4,21.1
2020-10-05,21.0,31.2,99.4,1021.7,7.1,31.8
2020-10-06,16.0,38.6,57.8,1019.2,21.2,13.2
2020-10-07,23.5,25.0,54.2,1014.8,18.4,19.3
2020-10-08,18.4,32.7,81.1,1015.0,13.2,19.7
2020-10-09,16.4,35.5,43.5,1000.2,15.4,14.4
2020-10-10,13.5,26.2,97.1,1018.1,18.8,30.3
2020-10-11,20.7,32.9,93.5,1023.5,15.6,25.2
2020-10-12,15.6,29.0,61.7,1017.0,11.0,17.2
2020-10-13,13.9,32.1,79.2,999.4,13.4,24.9
2020-10-14,21.5,27.1,77.9,1017.1,22.0,26.3
2020-10-15,22.0,39.5,96.4,1018.6,15.4,26.4
2020-10-16,11.5,39.6,41.6,996.9,20.0,8.3
2020-10-17,23.7,27.4,48.4,996.7,20.9,12.2
2020-10-18,23.2,29.8,75.4,1002.0,11.9,18.9
2020-10-19,10.6,30.2,50.6,1005.7,21.2,13.9
2020-10-20,14.5,38.4,86.1,997.6,24.2,24.3
2020-10-21,18.1,37.8,73.0,1024.6,14.3,21.8
2020-10-22,18.3,28.4,77.8,992.7,11.4,26.7
2020-10-23,11.2,38.5,86.2,997.9,11.5,23.6
2020-10-24,12.4,27.7,69.4,1018.3,14.4,20.5
2020-10-25,18.8,38.1,69.9,1016.3,23.2,22.9
2020-10-26,13.0,35.4,86.5,1015.5,6.0,21.7
2020-10-27,24.4,36.5,95.0,1018.9,12.9,27.1
2020-10-28,10.4,34.1,66.6,1004.5,18.3,16.8
2020-10-29,19.6,32.9,90.3,1021.6,24.7,25.8
2020-10-30,10.5,29.7,87.0,999.7,14.9,25.3
2020-10-31,15.0,39.9,40.4,1020.3,12.8,11.2
2020-11-01,24.1,28.5,48.4,996.6,22.4,17.6
2020-11-02,14.4,34.7,49.3,1001.0,15.2,16.8
2020-11-03,19.5,30.0,88.7,1006.4,12.5,29.8
2020-11-04,21.8,39.3,66.2,992.9,6.6,17.7
2020-11-05,13.5,33.3,93.0,1006.7,5.1,30.3
2020-11-06,12.3,38.5,55.9,1016.9,23.6,16.2
2020-11-07,21.2,35.9,57.2,1012.4,11.1,16.6
2020-11-08,23.0,28.3,66.8,999.1,15.2,22.9
2020-11-09,12.8,36.4,95.4,995.5,13.3,25.6
2020-11-10,18.1,29.2,91.3,992.1,8.2,21.9
2020-11-11,22.1,39.9,63.7,995.1,15.3,14.0
2020-11-12,14.4,39.9,68.9,1010.4,5.1,18.0
2020-11-13,21.9,29.2,40.5,996.8,7.8,15.0
2020-11-14,19.9,33.3,48.2,1008.2,22.1,15.3
2020-11-15,12.4,38.7,58.7,1010.5,10.6,15.1
2020-11-16,11.9,35.4,64.5,1011.4,16.0,16.2
2020-11-17,13.7,34.2,43.8,1008.1,19.9,15.4
2020-11-18,13.6,35.7,55.5,999.2,13.6,17.4
2020-11-19,14.8,31.8,41.5,1009.3,20.2,13.6
2020-11-20,11.1,37.8,55.4,1002.2,10.9,13.9
2020-11-21,20.5,29.9,76.7,992.2,8.4,19.0
2020-11-22,23.2,32.5,72.5,997.8,14.7,20.8
2020-11-23,16.1,26.3,79.7,1002.0,6.1,19.5
2020-11-24,15.2,37.4,55.4,1008.9,18.0,17.4
2020-11-25,18.7,29.7,63.6,1000.8,21.3,14.5
2020-11-26,12.9,28.1,48.2,995.1,20.3,13.7
2020-11-27,16.6,36.8,98.3,1015.1,18.5,24.9
2020-11-28,22.9,27.3,45.1,1013.5,22.9,10.3
2020-11-29,21.1,25.4,92.9,1010.6,10.3,26.8
2020-11-30,22.4,30.3,51.0,1006.3,10.6,11.6
2020-12-01,23.4,28.5,96.8,994.6,20.1,28.0
2020-12-02,18.8,38.8,94.1,993.5,15.5,30.4
2020-12-03,17.0,26.5,95.0,1023.9,5.2,24.4
2020-12-04,19.5,33.4,47.2,995.0,10.3,14.2
2020-12-05,19.0,36.0,67.7,1016.0,24.6,21.4
2020-12-06,16.4,28.5,96.0,991.3,16.4,25.8
2020-12-07,22.0,31.7,95.6,1015.3,9.7,27.0
2020-12-08,11.5,30.1,80.9,992.7,12.0,23.6
2020-12-09,13.4,27.1,73.3,991.5,12.9,26.0
2020-12-10,19.6,29.7,74.8,1008.8,23.1,25.1
2020-12-11,12.8,39.9,59.6,1004.6,12.0,18.7
2020-12-12,10.6,39.7,70.1,1001.0,18.2,19.4
2020-12-13,17.0,39.2,61.4,1010.2,18.3,20.5
2020-12-14,15.8,25.6,59.2,1013.0,18.8,15.7
2020-12-15,13.5,39.7,60.3,997.8,23.8,14.0
2020-12-16,16.5,37.9,88.1,1009.2,12.0,27.3
2020-12-17,18.7,26.8,44.9,1001.1,22.1,17.3
2020-12-18,18.2,33.2,68.7,1003.9,11.4,22.2
2020-12-19,23.5,35.5,42.6,1012.9,7.1,6.2
2020-12-20,11.0,39.4,67.2,1008.8,24.8,12.8
2020-12-21,15.2,29.3,98.2,997.0,20.9,31.3
2020-12-22,10.4,37.7,86.7,1019.8,21.7,26.4
2020-12-23,16.5,37.5,83.3,1004.5,9.4,20.4
2020-12-24,19.0,27.2,57.0,1018.6,11.9,18.0
2020-12-25,23.2,26.9,90.5,1006.4,21.0,28.2
2020-12-26,23.6,26.0,90.4,1008.9,13.0,22.2
2020-12-27,20.6,31.1,65.8,1004.5,23.5,23.0
2020-12-28,22.8,37.7,80.1,1007.3,12.4,22.4
2020-12-29,23.9,32.9,60.0,1023.6,12.7,16.2
2020-12-30,24.4,38.4,61.9,1006.6,21.0,14.3
2020-12-31,19.8,31.9,69.1,1015.0,13.3,21.4
2021-01-01,10.7,26.6,72.8,1006.4,8.9,17.5
2021-01-02,13.3,28.1,67.0,1016.9,10.1,21.1
2021-01-03,11.4,33.6,72.1,1014.9,22.9,22.2
2021-01-04,11.1,31.0,72.9,1011.6,6.7,18.9
2021-01-05,11.9,36.6,83.5,1006.4,21.3,20.2
2021-01-06,23.0,38.1,71.2,992.6,6.3,14.2
2021-01-07,12.5,29.0,95.0,995.0,10.9,26.9
2021-01-08,16.1,34.1,97.2,1011.0,16.1,27.5
2021-01-09,18.8,27.5,65.0,1001.7,6.1,18.0
2021-01-10,24.5,30.9,41.2,1014.6,19.2,6.6
2021-01-11,20.4,28.4,71.4,1001.3,17.0,21.8
2021-01-12,13.5,32.1,50.8,1016.0,20.0,10.9
2021-01-13,20.3,37.0,63.0,1009.4,20.9,18.9
2021-01-14,24.5,38.6,70.8,1017.2,17.1,23.2
2021-01-15,24.0,36.5,90.8,994.7,22.7,28.6
2021-01-16,15.6,27.3,47.4,1007.1,24.0,11.0
2021-01-17,14.1,39.2,44.3,1003.5,12.5,10.0
2021-01-18,17.9,27.6,83.7,1009.6,6.3,29.1
2021-01-19,19.2,25.5,70.5,995.9,6.4,16.7
2021-01-20,17.5,28.7,41.5,1022.9,19.6,8.7
2021-01-21,16.4,34.6,95.2,1020.8,13.7,31.3
2021-01-22,21.2,29.9,88.5,1017.7,23.8,28.0
2021-01-23,24.2,38.6,46.3,1024.6,12.9,13.8
2021-01-24,11.8,27.1,47.0,1003.6,18.8,17.2
2021-01-25,21.3,32.7,75.4,1008.1,19.2,25.1
2021-01-26,15.2,27.4,88.7,1017.2,10.2,23.7
2021-01-27,20.0,26.1,53.6,992.2,19.6,14.7
2021-01-28,19.5,29.9,88.2,1020.0,21.4,29.3
2021-01-29,24.1,28.7,75.4,998.1,5.8,20.4
2021-01-30,14.3,26.5,86.5,1001.4,19.3,28.2
2021-01-31,13.6,31.3,66.9,1007.8,22.9,23.1
2021-02-01,21.6,39.7,78.8,1022.3,12.2,17.0
2021-02-02,15.1,35.6,52.2,1009.6,15.1,9.9
2021-02-03,13.3,36.5,69.5,1002.5,18.4,19.4
2021-02-04,22.7,32.9,64.7,1022.9,9.1,21.0
2021-02-05,22.4,35.4,68.4,995.5,14.1,20.9
2021-02-06,20.6,27.6,81.3,1000.0,9.0,22.2
2021-02-07,18.7,29.7,89.9,1000.7,12.9,31.0
2021-02-08,16.0,32.1,69.1,1001.6,20.4,18.8
2021-02-09,23.6,27.6,42.0,1001.7,19.1,17.0
2021-02-10,13.7,35.7,81.3,994.2,7.5,22.1
2021-02-11,16.6,35.3,76.9,1010.4,7.2,16.5
2021-02-12,24.1,38.4,54.8,1022.0,20.4,17.7
2021-02-13,14.9,35.8,89.0,1020.5,7.2,28.0
2021-02-14,20.5,31.7,85.7,1009.4,9.4,21.2
2021-02-15,10.7,35.9,90.3,1000.7,8.1,22.6
2021-02-16,12.3,39.5,52.1,1024.0,8.0,9.3
2021-02-17,11.7,30.2,70.9,994.0,18.3,22.6
2021-02-18,20.2,25.7,91.7,1010.1,5.3,29.6
2021-02-19,11.3,31.6,45.3,1001.7,11.1,8.3
2021-02-20,15.8,38.2,89.6,1003.4,9.6,28.3
2021-02-21,18.9,33.8,69.6,994.1,7.4,15.3
2021-02-22,17.6,38.2,41.2,1014.8,5.1,8.4
2021-02-23,18.4,27.6,88.3,1004.9,11.0,22.8
2021-02-24,18.2,28.0,71.5,992.2,14.4,17.3
2021-02-25,17.4,28.4,48.5,1006.7,23.5,15.9
2021-02-26,22.2,39.8,86.4,1012.4,12.1,20.7
2021-02-27,21.9,36.7,67.2,1005.9,24.4,20.1
2021-02-28,12.3,27.8,82.0,1001.6,10.2,22.9
2021-03-01,12.2,32.5,66.6,999.7,23.5,18.9
2021-03-02,11.9,28.2,69.4,999.2,18.9,21.2
2021-03-03,16.7,28.9,87.3,991.5,15.7,25.3
2021-03-04,16.9,25.4,92.2,1004.1,22.3,27.9
2021-03-05,18.6,27.5,59.2,1014.1,10.2,17.4
2021-03-06,10.7,32.3,90.3,1004.0,9.5,28.0
2021-03-07,19.0,30.6,52.3,1015.3,14.1,15.2
2021-03-08,19.9,38.2,95.7,993.8,21.2,28.6
2021-03-09,19.9,39.7,57.9,1010.0,13.6,17.8
2021-03-10,15.0,25.9,94.9,1004.0,23.4,31.0
2021-03-11,19.9,35.9,83.1,995.6,19.3,17.9
2021-03-12,24.3,37.4,91.5,1017.5,19.1,27.4
2021-03-13,25.0,38.4,47.9,990.7,9.4,13.0
2021-03-14,10.7,28.2,97.5,996.9,24.7,27.1
2021-03-15,13.9,27.7,53.9,1012.2,24.0,10.9
2021-03-16,10.4,30.9,65.5,1024.8,17.5,15.8
2021-03-17,13.2,28.5,98.1,1011.5,6.2,33.7
2021-03-18,12.0,29.8,89.5,1023.3,5.3,26.2
2021-03-19,20.5,38.4,69.0,1001.8,20.7,15.6
2021-03-20,20.4,25.0,85.4,995.0,9.8,23.0
2021-03-21,17.7,27.6,41.2,1003.8,8.5,11.8
2021-03-22,14.8,26.9,61.2,1016.4,12.9,13.7
2021-03-23,16.4,31.7,87.8,1022.5,16.8,22.3
2021-03-24,12.5,25.6,73.4,997.3,20.0,23.9
2021-03-25,17.1,33.5,68.5,1008.5,10.9,18.4
2021-03-26,22.5,36.5,82.2,1016.7,11.5,18.1
2021-03-27,12.7,25.4,74.5,1014.0,22.9,20.2
2021-03-28,14.0,29.7,83.3,1016.3,20.1,22.9
2021-03-29,17.1,33.0,97.5,1009.4,8.7,23.2
2021-03-30,24.6,28.0,60.6,995.2,18.5,20.1
2021-03-31,20.3,38.7,52.8,1006.9,17.3,13.6
2021-04-01,11.8,28.3,77.3,1018.2,16.6,26.4
2021-04-02,19.0,32.0,54.4,1015.4,9.0,10.7
2021-04-03,22.7,38.0,48.4,998.4,15.9,16.7
2021-04-04,10.7,25.4,62.5,1020.6,5.1,21.4
2021-04-05,18.8,39.6,98.5,1010.7,9.2,25.2
2021-04-06,24.4,34.5,46.6,997.3,13.1,13.9
2021-04-07,21.6,35.5,95.3,1006.5,21.9,30.2
2021-04-08,12.3,30.7,95.6,997.4,16.5,25.0
2021-04-09,11.5,28.4,41.8,991.8,8.0,8.2
2021-04-10,13.3,26.4,78.0,1000.7,10.3,25.7
2021-04-11,24.1,38.3,63.5,1007.4,21.8,14.3
2021-04-12,17.2,29.5,47.2,993.6,13.2,13.5
2021-04-13,23.2,31.4,86.3,1004.7,14.7,26.5
2021-04-14,19.1,33.5,89.9,1002.4,19.9,20.6
2021-04-15,21.8,27.6,97.8,1016.0,19.9,28.8
2021-04-16,15.5,29.1,70.6,1005.1,13.6,18.9
2021-04-17,10.9,38.7,82.7,1011.4,9.5,22.6
2021-04-18,19.2,28.9,85.7,1001.2,21.4,29.8
2021-04-19,13.0,27.4,50.7,1023.3,18.1,15.5
2021-04-20,12.3,39.4,82.8,1005.5,17.2,25.5
2021-04-21,10.8,29.0,47.1,996.9,10.0,14.1
2021-04-22,18.2,29.4,62.4,1003.8,15.2,21.7
2021-04-23,21.8,27.7,61.9,1024.2,8.6,18.6
2021-04-24,13.0,25.2,61.2,1006.4,11.3,23.0
2021-04-25,24.8,27.3,75.7,1014.0,11.5,26.0
2021-04-26,21.0,28.4,80.1,1022.2,14.4,23.3
2021-04-27,11.0,29.5,51.7,1007.5,9.0,9.6
2021-04-28,11.0,32.9,46.3,1015.8,22.5,15.3
2021-04-29,24.8,38.2,84.8,1003.4,15.4,19.2
2021-04-30,15.8,25.7,48.1,999.7,14.7,11.4
2021-05-01,11.9,26.4,43.5,997.1,18.1,16.4
2021-05-02,11.9,30.2,73.0,997.0,12.3,18.1
2021-05-03,18.4,30.0,69.9,1023.6,15.7,17.8
2021-05-04,21.2,32.9,49.6,1017.0,9.8,15.1
2021-05-05,11.5,26.2,45.0,990.8,18.6,15.9
2021-05-06,17.3,25.4,98.5,1004.0,21.8,32.2
2021-05-07,21.4,26.0,84.3,997.3,24.2,22.7
2021-05-08,15.0,26.4,70.5,1009.8,8.3,21.9
2021-05-09,12.3,36.9,41.1,1009.7,23.7,13.4
2021-05-10,15.8,25.8,75.7,992.0,8.3,26.8
2021-05-11,19.0,33.4,74.3,1022.3,9.6,22.1
2021-05-12,16.5,36.6,44.1,999.0,22.9,9.5
2021-05-13,11.9,34.2,96.3,991.7,9.5,28.4
2021-05-14,17.4,38.7,60.2,1001.6,5.4,17.6
